20,NANPNANPNANPNANPNANP
20,IVGGHEAQPHSRPYMASLQM
20,GVTSAPDTRPAPGSTAPPAH
20,AAGDKPPPFGQAAAGEKPSP
20,HDSIGLGEDGPTHQPIEHLS
20,MPAGTSEEGSRDDSSMPAGT
20,QEDVGPRHVDPDHFRSTTQD
20,AALPGPRGLLGGVAHTLQKT
20,AMWIPGVVPLSSLAQWGASV
20,APAAVLGMAGRVLHLTPAPA
20,EDHEDQTDTEGEDTEEEEEL
20,EEEELETEENKFSEVAALPG
20,EVRVPWLHSLAAAQEEDHED
20,LSDALKGVTDNVVDTVVHYV
20,TVQTMARALEQGHTVAMWIP
20,WGASVAMQAVSRRRSEVRVP
20,NYKLPDDFTGCVIAWNSNNL
20,PENVETEEIIDDVPSPKHSN
20,DAPFVFAEVNSDLIYITAKK
20,DSLRHVYGELDVQIQRRPSM
20,GQFEDGILDTCLYVMDRAQM
20,GQLLEQASLHFFVTARINET
20,GQSFYVQIDFSRPYDPRRDL
20,IVSELQSGKWGAKIVMREDR
20,LSFKKEAVLIQAGEYMGQLL
20,NAAEDDLPTVELQGVVPRGV
20,PNSTVQWEEVCRPWVSGHRK
20,PRGVNLQEFLNVTSVHLFKE
20,RIVTNYFSAHDNDANLQMDI
20,RMYVAVWTPYGVLRTSRNPE
20,RNNSHNRYTITAYLSANITF
20,RPMKKMFREIRPNSTVQWEE
20,RVEYVIGRYPQENKGTYIPV
20,SRNPETDTYILFNPWCEDDA
20,TVQFTNPLKETLRNVWVHLD
20,VLNDIGVIFYGEVNDIKTRS
20,NEKEETKCDGRDDNKCLYYP
20,WEGDCNITRYNVNETVPECK
20,WEGDCNYTKDKISEIVPQCK
20,CTFVPRRKAGICFGDSGGPL
20,DVLLIQLSSPANLSASVATV
20,GRVGAHDPPAQVLQELNVTV
20,GTLIHPSFVLTAAHCLRDIP
20,HGTQCLAMGWGRVGAHDPPA
20,HNVRTQEPTQQHFSVAQVFL
20,ICDGIIQGIDSFVIWGCATR
20,ICFGDSGGPLICDGIIQGID
20,NNYDAENKLNDVLLIQLSSP
20,QHFSVAQVFLNNYDAENKLN
20,QLPQQDQPVPHGTQCLAMGW
20,QRLVNVVLGAHNVRTQEPTQ
20,QVLQELNVTVVTFFCRPHNI
20,RGNPGSHFCGGTLIHPSFVL
20,SFVIWGCATRLFPDFFTRVA
20,SRPYMASLQMRGNPGSHFCG
20,TAAHCLRDIPQRLVNVVLGA
20,VTFFCRPHNICTFVPRRKAG
20,ASVVNIQKEIDRLNEVAKNL
20,GEPDVPPGAIEQGPADDPGE
20,LFRSTEKFESHCGWPSFEDP
20,LQLARPFEDLERRGKGLHSV
20,LQMNSLRAEDTAVYYCAGGD
20,PVPSTPPTPSPSTPPTPSPS
20,QIPFNLKIRANELDVLKKLV
20,QIPFNLKIRANELDVLKKLV
20,QIPFNLKIRANELDVLKKLV
20,QIPFNLKIRANELDVLKKLV
20,RDAERLTEESARLFVSDEAR
20,SPPRRPPPGRRPFFHPVGEA
20,SSQSSSSGSPPRRPPPGRRP
20,EDYHAGFKQTDKHPNKDFGD
20,ASGAGQLVPEVNASDPLAMD
20,PGDVLFDLSLGPHLNPFLLH
20,QNVIDPWIRNNFVQAPGGEF