20,VLNDILSRLDKVEAEVQIDR
20,QMAYRFNGIGVTQNVLYENQ
20,HDSIGLGEDGPTHQPIEHLS
20,AALPGPRGLLGGVAHTLQKT
20,AMWIPGVVPLSSLAQWGASV
20,APAAVLGMAGRVLHLTPAPA
20,EVRVPWLHSLAAAQEEDHED
20,TLQKTLQTTISAVTWAPAAV
20,TPAPAVSSTKGRAMSLSDAL
20,TVQTMARALEQGHTVAMWIP
20,NETVPECKDFPHRRFNDHPY
20,RFWRNKNEKEETKCDGRDDN
20,RRFNDHPYSCRLWRYREGKE
20,ANLSASVATVQLPQQDQPVP
20,DVLLIQLSSPANLSASVATV
20,GRVGAHDPPAQVLQELNVTV
20,HGTQCLAMGWGRVGAHDPPA
20,QRLVNVVLGAHNVRTQEPTQ
20,QVLQELNVTVVTFFCRPHNI
20,SFVIWGCATRLFPDFFTRVA
20,PVPSTPPTPSPSTPPTPSPS