9,CYTWNQMNL
15,DKYFKNHTSPDVDLG
15,ELKQCKHQCKVQRQY
15,GWTFGAGAALQIPFA
15,KTFPPTEPKKDKKKK
15,LGAIREDNNITLKLD
20,NANPNANPNANPNANPNANP
15,NAWVAWRNRCKGTDV
15,PCSFGGVSVITPGTN
15,QKQLCRFRCQERYKK
15,QLPQGTTLPKGFYAE
15,QTYVTQQLIRAAEIR
15,SPDVDLGDISGINAS
15,TTLPKGFYAEGSRGG
15,VLQLPQGTTLPKGFY
15,VRDIIDDFTNESSQK
9,YLEPGPVTV
15,MRGRVSPLMLLLGIL
15,CQQEPDDLKQKACES
15,RCTKLEYDPRCVYDP
15,RGHTGTTNQRSPPGE
15,VLASVSATHAKSSPY
17,KIHAREIFDSRGNPTVE
12,VVDLMAHMASKE
15,DNGYGYFAANIDLMM
10,KLVVVGAGGV
15,NGMNAWVAWRNRCKG
13,GRPGRRGRPGLKG
15,KACESRCTKLEYDPR
15,NPCAQRCLQSCQQEP
15,AEVQIDRLITGRLQS
15,KEELDKYFKNHTSPD
15,LICAQKFNGLTVLPP
15,SCGSCCKFDEDDSEP
15,TQQLIRAAEIRASAN
15,VAKNLNESLIDLQEL
15,HPWIRRPFFPFHSPS
15,KAKFAGRNFRNPLAK
15,MDIAIHHPWIRRPFF
15,EEELRVVGNNLKSLE
15,ELALFYLQEQINHFE
15,RYMGKGVSKAVEHIN
15,TSKGLFRAAVPSGAS
15,ALLDKIINAIPYLGN
15,APGIPLYKKMEAVKL
15,DDNTIYQYLYAQKSP
15,DEIVSYNTKNKPLNF
15,DFWGNPLRYDTEYYL
15,EYKSNAASTIEIHNI
15,FDNVIENITSLTIGK
15,GFNSSVITYPDAQLV
15,GLYGMQVSSHEIIPS
15,IELGKKFNIKTRLSY
15,IEYNDMFNNFTVSFW
15,IHVLHGLYGMQVSSH
15,IINAIPYLGNSYSLL
15,IKTIDNFLEKRYEKW
15,INKVFSTPIPFSYSK
15,ISDISGFNSSVITYP
15,ITELKKLESKINKVF
15,ITFLRDFWGNPLRYD
15,ITNDRLSSANLYING
15,IVNEDKFQILYNSIM
15,KFQILYNSIMYGFTE
15,KLESKINKVFSTPIP
15,KNEDLTFIAEKNSFS
15,LDRILRVGYNAPGIP
15,LKKSTILNLDINNDI
15,LRVPKVSASHLEQYG
15,LVKAKWLGTVNTQFQ
15,MAFCPEYVPTFDNVI
15,MFNNFTVSFWLRVPK
15,NAFNNLDRILRVGYN
15,NTQFQKRSYQMYRSL
15,NYSLDKIIVDYNLQS
15,PYLGNSYSLLDKFDT
15,QKEKIIKTIDNFLEK
15,RFLQTMVKLFNRIKN
15,TDYMYLTNAPSYTNG
15,TSYLSITFLRDFWGN
15,WLGTVNTQFQKRSYQ
15,WVFITITNDRLSSAN
15,YQYLYAQKSPTTLQR
15,NENKSKELQEKIIRE
15,NANPNVDPNANPNAN
15,NKDIQVLGPVIDWNV
18,CEAGEPGERGLKGHRGCA
18,CIVGLPGQRGERGFPGCA
16,FKSPDDPSRYISPDQL
15,ECDIPIGAGICASYQ
15,FGRDIADTTDAVRDP
15,FIEDLLFNKVTLADA
15,FNFNGLTGTGVLTES
15,HADQLTPTWRVYSTG
15,LLHAPATVCGPKKST
15,LTDEMIAQYTSALLA
15,MTSCCSCLKGCCSCG
15,NNATNVVIKVCEFQF
15,NQFNSAIGKIQDSLS
15,PPAYTNSFTRGVYYP
15,PQGFSALEPLVDLPI
15,RDPQTLEILDITPCS
15,RKSNLKPFERDISTE
15,SLSSTASALGKLQDV
15,STGSNVFQTRAGCLI
15,TESNKKFLPFQQFGR
15,TKLNDLCFTNVYADS
15,VGGNYNYLYRLFRKS
15,VNIQKEIDRLNEVAK
15,RSVASQSIIAYTMSL
18,TRFASVYAWNRKRISNCV
15,AIHHPWIRRPFFPFH
19,FRSGKYDLDFKSPDDPSRY
15,HHPWIRRPFFPFHSP
15,HSPSRLFDQFFGEHL
15,IHHPWIRRPFFPFHS
20,IVGGHEAQPHSRPYMASLQM
15,PWIRRPFFPFHSPSR
15,WIRRPFFPFHSPSRL
15,NFSQILPDPSKPSKR
15,AADLDDFSKQLQQSM
15,AENSVAYSNNSIAIP
15,AIVLQLPQGTTLPKG
15,CSCLKGCCSCGSCCK
15,HWFVTQRNFYEPQII
15,KEIDRLNEVAKNLNE
15,KLIANQFNSAIGKIQ
15,LLALHRSYLTPGDSS
15,LLFNKVTLADAGFIK
15,LLLLDRLNQLESKMS
15,LPPLLTDEMIAQYTS
15,NPVLPFNDGVYFAST
15,NVFQTRAGCLIGAEH
15,PATVCGPKKSTNLVK
15,PFQQFGRDIADTTDA
15,RTQLPPAYTNSFTRG
15,SSANNCTFEYVSQPF
15,TITSGWTFGAGAALQ
15,TLEILDITPCSFGGV
15,TLVKQLSSNFGAISS
15,VFAQVKQIYKTPPIK
13,VYADSFVIRGDEV
12,RSFIEDLLFNKV
15,AVLYQDVNCTEVPVA
15,CCKFDEDDSEPVLKG
15,CGPKKSTNLVKNKCV
15,CSNLLLQYGSFCTQL
15,CTEVPVAIHADQLTP
15,DCTMYICGDSTECSN
15,DEDDSEPVLKGVKLH
15,DEVRQIAPGQTGKIA
15,DLGDISGINASVVNI
15,EASKKPRQKRTATKA
15,EIRASANLAATKMSE
15,EKGIYQTSNFRVQPT
15,FKCYGVSPTKLNDLC
15,GGVSVITPGTNTSNQ
15,GICASYQTQTNSPRR
15,GLTGTGVLTESNKKF
15,HRSYLTPGDSSSGWT
15,IADTTDAVRDPQTLE
15,ILPDPSKPSKRSFIE
15,ISSVLNDILSRLDKV
15,IVLQLPQGTTLPKGF
15,KCVNFNFNGLTGTGV
15,KIQDSLSSTASALGK
15,KKDKKKKADETQALP
15,KKFLPFQQFGRDIAD
15,KKKADETQALPQRQK
15,KNHTSPDVDLGDISG
15,KSAAEASKKPRQKRT
15,KTSVDCTMYICGDST
15,KVCEFQFCNDPFLGV
15,LDPLSETKCTLKSFT
15,LDSFKEELDKYFKNH
15,LGKLQDVVNQNAQAL
15,LNESLIDLQELGKYE
15,LPQGTTLPKGFYAEG
15,LTPTWRVYSTGSNVF
15,LVKNKCVNFNFNGLT
15,MDLEGKQGNFKNLRE
15,MESEFRVYSSANNCT
15,MIAQYTSALLAGTIT
15,NASVVNIQKEIDRLN
15,NCDVVIGIVNNTVYD
15,NGTITVEELKKLLEQ
15,NNSIAIPTNFTISVT
15,NNSYECDIPIGAGIC
15,NQNAQALNTLVKQLS
15,NTQEVFAQVKQIYKT
15,PFGEVFNATRFASVY
15,PIGAGICASYQTQTN
15,PIKDFGGFNFSQILP
15,PINLVRDLPQGFSAL
15,PSKPSKRSFIEDLLF
15,QIAPGQTGKIADYNY
15,QIITTDNTFVSGNCD
15,QLESKMSGKGQQQQG
15,QQTVTLLPAADLDDF
15,QSYGFQPTNGVGYQP
15,RISNCVADYSVLYNS
15,RLNEVAKNLNESLID
15,RQKKQQTVTLLPAAD
15,SETKCTLKSFTVEKG
15,SFSTFKCYGVSPTKL
15,SFTVEKGIYQTSNFR
15,SKQRRPQGLPNNTAS
15,SKRSFIEDLLFNKVT
15,SSVLHSTQDLFLPFF
15,STPCNGVEGFNCYFP
15,TDAVRDPQTLEILDI
15,TGVLTESNKKFLPFQ
15,TLDSKTQSLLIVNNA
15,TLLPAADLDDFSKQL
15,TRFASVYAWNRKRIS
15,TVEELKKLLEQWNLV
15,VAYSNNSIAIPTNFT
15,VDCALDPLSETKCTL
15,VFKNIDGYFKIYSKH
15,VIGIVNNTVYDPLQP
15,VITPGTNTSNQVAVL
15,VKQIYKTPPIKDFGG
15,VNNTVYDPLQPELDS
15,VRDLPQGFSALEPLV
15,VYDPLQPELDSFKEE
15,WRVYSTGSNVFQTRA
15,YKTPPIKDFGGFNFS
15,YNSASFSTFKCYGVS
15,YNYLYRLFRKSNLKP
15,YQAGSTPCNGVEGFN
15,YTSALLAGTITSGWT
12,FASVYAWNRKRI
13,STEIYQAGSTPCN
13,VIRGDEVRQIAPG
13,KPFERDISTEIYQ
10,FELLHAPATV
15,SNLKPFERDISTEIY
16,YNQLLRIEEELGSKAK
12,ECDIPIGAGICA
12,IKDFGGFNFSQI
12,LNDLCFTNVYAD
12,NVTWFHAIHVSG
12,PKKSTNLVKNKC
12,PSKRSFIEDLLF
12,SYQTQTNSPRRA
12,TESNKKFLPFQQ
12,VLYNSASFSTFK
15,GARSKQRRPQGLPNN
15,LNDLCFTNVYADSFV
15,NATRFASVYAWNRKR
15,PQGTTLPKGFYAEGS
15,TGKIADYNYKLPDDF
13,EIYQAGSTPCNGV
16,GGNYNYLYRLFRKSNL
16,GPKKSTNLVKNKCVNF
16,IVRFPNITNLCPFGEV
16,LSFELLHAPATVCGPK
16,RATRRIRGGDGKMKDL
15,GYSLGNWVCAAKFES
15,IYQAGSTPCNGVEGF
13,KSTNLVKNKCVNF
20,GVTSAPDTRPAPGSTAPPAH
15,VVVLSFELLHAPATV
13,RQIAPGQTGKIAD
23,AAAGDKPSPFGQAAAGDKPSPFG
20,AAGDKPPPFGQAAAGEKPSP
24,AAGDKPPPVEQAAGGDRPSPFEQA
23,AAGEKLPFGKAAAGDKPPPFGQA
22,AGNTEAPATATTRAPSRLREID
25,ALPQEEEEDVGPRHVDPDHFRSTTQ
25,ATHERAVEALAAEEDAARGQLVGGE
17,DLSSEVATHQPIIACLP
25,EELEQKAAENERLAEELEQKAAENE
9,ETIYNTTLK
21,ETVDALNEKVWTAEFRQIDTE
24,FGQAAAGDKPPLFGQAAAGDKPSL
16,FGQAAAGDKPPPFGQA
21,GDRPSPFEQAAAGAKPSPFGQ
15,GEDGPTHQPIEHLSA
20,HDSIGLGEDGPTHQPIEHLS
25,KASVHVDGESLGNEEVPLTGEKPPE
23,KVAEAEKQRAAEATKVAEAEKQR
25,KVAEAEKQRAAEATKVAEAEKQRAA
24,LPQEEQEDVGPRHVDPDHFRSTTQ
20,MPAGTSEEGSRDDSSMPAGT
25,NTARNTEAPITTTTTRAPSRFREID
25,PDSFSSTNVSGGVDAAPAPSSTASG
24,PFKSVFGAPSSTDAKPPAESPFKS
23,PPFGQAAADDKPPPFGQAAAGEK
24,PSTTTTEAPTTTTTRAPSRLREID
20,QEDVGPRHVDPDHFRSTTQD
24,SPFGQAAAGDKPPLFGQGTVFDAS
19,TEASTTTTTRAPSRLREID
19,TSLGEEEVPLTGEAPLGLV
24,TTTTTTADPTTTSARTPSRLREID
24,TTTTTTEAPNTTIPRAPSRLREID
23,VDPDHFRSTTQDAYRPVDPSAYK
24,VGGFGSAAHTSTPGVGGFGSATTT
17,VPLTARYGAEMMRAIDD
22,VTGTAMPRGMQAFPLRDSAETI
15,AFAVLLLVANASIYR
8,EEVRELYE
9,QRQFEEQQR
8,TASELPRI
15,VLLLVANASIYRAIV
20,AALPGPRGLLGGVAHTLQKT
15,AKIDPELKQCKHQCK
20,AMWIPGVVPLSSLAQWGASV
20,APAAVLGMAGRVLHLTPAPA
15,CEKYYKEKKGREQEE
15,CQEYCRRQGQGQRQQ
15,CQRRCQIQEQSPERQ
15,CVYDPRGHTGTTNQR
15,DDEENPRDPREQYRQ
15,DDLKQKACESRCTKL
15,DEQQKEQCVKECEKY
15,DPEQRYEQCQQQCER
15,DQNPRDPEQRYEQCQ
15,ECEKYYKEKKGRERE
20,EDHEDQTDTEGEDTEEEEEL
15,EEEEEWGSGRGRGDE
20,EEEELETEENKFSEVAALPG
15,EEQKEQCAKGCEKYY
15,EEWGTGGVDEPSTHE
15,EKYKKERREHSYSRD
15,EQCVKECEKYYKEKK
15,EQTLCRRRCEQRRQQ
15,EQYRQCQEYCRRQGQ
15,ERYKKERGQHNYKRE
20,EVRVPWLHSLAAAQEEDHED
15,EYDPRCVYDPRGHTG
15,GGVDEPSTHEPAEKH
15,GQRQQQQCQIRCEER
15,GREREHEEEEEEWGT
15,GRGDEFSTHEPGEKR
15,HQCKVQRQYDEEQKE
15,KSSPYQKKTENPCAQ
15,KTDPELKQCKHQCKV
15,LFLVSVLVLCLGFAL
15,LGFALAKIDPELKQC
15,LKQCKHQCKVQRQYD
20,LSDALKGVTDNVVDTVVHYV
15,LSQCMKQCERQDGGQ
15,LSQCMRQCERQEGGQ
15,NYKREDDEDEDEDEA
15,PAEKHLSQCMRQCER
15,PGEKRLSQCMKQCER
15,PRDPREQYRQCQEYC
15,QCAKGCEKYYKEKKG
15,QIQEQSPERQRQCQQ
15,QKQLCRFRCQEKYKK
15,QQCERQRRGQEQTLC
15,QQCQIRCEERLEEDQ
15,QQYHRCQRRCQIQEQ
15,QRRGQEQTLCRRRCE
15,RCEERLEEDQRSQEE
15,REQEEEEEEEWGSGR
15,RFRCQEKYKKERREH
15,RFRCQERYKKERGQH
15,RQDPQQQYHRCQRRC
15,RRQGQGQRQQQQCQI
15,SATHAKSSPYQKKTE
15,SPERQRQCQQRCERQ
15,SYSRDEEEEEEGDEE
20,TVQTMARALEQGHTVAMWIP
15,VQRQYDEQQKEQCVK
8,VVHYVPLP
20,WGASVAMQAVSRRRSEVRVP
15,WGSGRGRGDEFSTHE
15,YKEKKGREREHEEEE
15,YKEQQGRERGPEASP
18,ADYSVLYNSASFSTFKCY
13,APATVCGPKKSTN
22,AWNRKRISNCVADYSVLYNSAS
13,CGPKKSTNLVKNK
13,CPFGEVFNATRFA
23,CPFGEVFNATRFASVYAWNRKRI
11,DEVRQIAPGQT
10,DISTEIYQAG
13,DLCFTNVYADSFV
10,DSFVIRGDEV
13,DSFVIRGDEVRQI
14,DYSVLYNSASFSTF
13,EVRQIAPGQTGKI
13,FERDISTEIYQAG
13,FNATRFASVYAWN
8,FPLQSYGF
13,FPNITNLCPFGEV
19,GCVIAWNSNNLDSKVGGNY
9,GFQPTNGVG
14,GGNYNYLYRLFRKS
13,GPKKSTNLVKNKC
13,IAPGQTGKIADYN
14,IRGDEVRQIAPGQT
10,ITNLCPFGEV
13,IVRFPNITNLCPF
13,IYQAGSTPCNGVE
13,KKSTNLVKNKCVN
13,KVGGNYNYLYRLF
18,LCFTNVYADSFVIRGDEV
13,LFRKSNLKPFERD
13,LKPFERDISTEIY
13,LNDLCFTNVYADS
17,LPDDFTGCVIAWNSNNL
13,LSFELLHAPATVC
13,LYRLFRKSNLKPF
9,NCYFPLQSY
13,NLCPFGEVFNATR
10,NLVKNKCVNF
13,NRKRISNCVADYS
13,NVYADSFVIRGDE
20,NYKLPDDFTGCVIAWNSNNL
14,PFERDISTEIYQAG
14,PLQSYGFQPTNGVG
13,QIAPGQTGKIADY
13,QPTESIVRFPNIT
13,RGDEVRQIAPGQT
9,RVQPTESIV
17,RVQPTESIVRFPNITNL
9,SNLKPFERD
11,STNLVKNKCVN
10,SVYAWNRKRI
13,TRFASVYAWNRKR
14,TRFASVYAWNRKRI
13,VCGPKKSTNLVKN
17,VCGPKKSTNLVKNKCVN
21,VIRGDEVRQIAPGQTGKIADY
8,VKNKCVNF
13,VLSFELLHAPATV
10,VVVLSFELLH
13,VVVLSFELLHAPA
13,YAWNRKRISNCVA
14,YQAGSTPCNGVEGF
13,YRVVVLSFELLHA
21,AKNAYQKANQAVLKAKEASSY
11,EYYEDAEGDDK
16,GHDERAKRISKSDYVK
15,IENEPLVHENLSIPN
12,IPNDPIEQILNQ
20,PENVETEEIIDDVPSPKHSN
15,QKHKDLQQDLNDEPL
9,QPESEELEP
14,TPTKSGHKKKYDQV
12,VGTIPLNLVVTD
8,WAILVPGA
21,AIVLQLPQGTTLPKGFYAEGS
15,AMVEADLERAEERAE
15,DCANHEIKKVLVPGC
15,DDFRNEFDHLLIEQA
15,DELNENKSKELQEKI
15,DEQTTRGRHTEPDDH
15,EDELVHEKEKYKSIS
15,EEGPIHIQEMCNKYI
15,EEINKAVDEAVAAIE
15,EHKPKKDDFRNEFDH
15,EIKFKLGEEFEEDRA
15,EKAQQREEAHEQQIR
15,EKIIRELDVVCAMIE
15,EKPTKEMKDKIVAEM
15,EQYDPNTIENDISLL
15,FKLGEEFEEDRADGK
15,HFEEKPTKEMKDKIV
15,IEGKYKLEKSDNFDK
15,KDCPGNTRWNEDEET
15,KEARMMAEDADRKYD
9,KIRQPIGLF
15,KKHDYQNEFDFLLME
15,KNTEIKFKLGEEFEE
16,KRYFKLSHLQMHSRKH
15,KSKELQEKIIRELDV
15,KTTTEETHHSDDLIV
15,KYKLEKSDNFDKFLD
15,LEKSDNFDKFLDELG
15,LKDLKETEQKVKDIQ
15,LLVGVHDDVVSMEYD
15,LQEQINHFEEKPTKE
15,NKAVDEAVAAIEKSE
15,NLQVGELKIVSQEEC
12,NPDPNANPNVDP
15,NQLKEARMMAEDADR
15,QINHFEEKPTKEMKD
15,QRKDLDIFEQYNLEM
15,QTQYGDKEVKIVRDF
15,RAETGESKIVELEEE
15,RNQSLDLAEQELVDC
15,SDNFDKFLDELGVGF
10,SRPRDAATTF
15,TAKLEEASQSADESE
15,TKEMKDKIVAEMDTI
15,VDEAVAAIEKSETFD
15,VQHEQYDPNTIENDI
15,YGDKEVKIVRDFQGD
15,YGYFAANIDLMMIEE
20,DAPFVFAEVNSDLIYITAKK
20,DSLRHVYGELDVQIQRRPSM
17,EIIIKVRGTQVVGSDMT
20,GQFEDGILDTCLYVMDRAQM
20,GQLLEQASLHFFVTARINET
20,GQSFYVQIDFSRPYDPRRDL
20,IVSELQSGKWGAKIVMREDR
20,LSFKKEAVLIQAGEYMGQLL
16,MREDRSVRLSIQSSPK
20,NAAEDDLPTVELQGVVPRGV
19,NITFYTGVLKAEFKKETFD
20,PNSTVQWEEVCRPWVSGHRK
20,PRGVNLQEFLNVTSVHLFKE
20,RIVTNYFSAHDNDANLQMDI
20,RMYVAVWTPYGVLRTSRNPE
20,RNNSHNRYTITAYLSANITF
20,RPMKKMFREIRPNSTVQWEE
20,RVEYVIGRYPQENKGTYIPV
20,SRNPETDTYILFNPWCEDDA
20,TVQFTNPLKETLRNVWVHLD
18,VDILLEYRSSENPVRYGQ
20,VLNDIGVIFYGEVNDIKTRS
15,FEQLLSGAHWMDQHF
19,ANFREAMRIGAEVYHNLKN
18,ANGWGVMVSHRSGETEDT
25,DEVRQIAPGQTGKIADYNYKLPDDF
17,ELGSKAKFAGRNFRNPL
16,FMILPVGAANFREAMR
16,HRSGETEDTFIADLVV
16,ILKIHAREIFDSRGNP
18,NPKRIAKAVNEKSCNCLL
16,PVVSIEDPFDQDDWGA
16,QDDWGAWQKFTASAGI
21,TNGVGYQPYRVVVLSFELLHA
21,YEALELRDNDKTRYMGKGVSK
12,DHPRFNRDNDVA
15,AASTIEIHNIDDNTI
15,AEITGLGAIREDNNI
15,AESSTQKEKIIKTID
15,AFKITDRIWIVPERY
15,AIANKLSQVTSCNDP
15,AQKSPTTLQRITMTN
15,DAQLVPGINGKAIHL
15,DDFTNESSQKTTIDK
12,DFWGNPLRYDTE
15,DKFDTNSNSVSFNLL
15,DLKSEYKGQNMRVNT
15,DPVKIPNLLDDTIYN
15,DRIWIVPERYEFGTK
15,DSAGEVRQITFRDLP
15,DTEGFNIESKDLKSE
15,DTIYNDTEGFNIESK
15,EDNNITLKLDRCNNN
15,EEPFQDEIVSYNTKN
15,EHIVGYPKDGNAFNN
13,EIHNIDDNTIYQY
15,EIHNIDDNTIYQYLY
15,EKTLNDYKFQFDSNG
15,ELFTFGGQDANLISI
15,ETTGVVLLLEYIPEI
15,EYVPTFDNVIENITS
15,FIGALETTGVVLLLE
15,FSYSKNLDCWVDNEE
16,GINGKAIHLVNNESSE
15,GTVNTQFQYEYKIYS
15,GYEGNFIGALETTGV
15,HKAMDIEYNDMFNNF
12,HNGQIGNDPNRD
15,HNGQIGNDPNRDILI
15,IDYEYKIYSGPDKEQ
15,IIKRYTPNNEIDSFV
15,ILNLDINNDIISDIS
15,INNDIISDISGFNSS
15,ITMTNSVDDALINST
15,IWTLKDSAGEVRQIT
15,KAIHLVNNESSEVIV
15,KGNNLIWTLKDSAGE
15,KIIPPTNIRENLYNR
15,KIIVDYNLQSKITLP
15,KITLPNDRTTPVTKG
15,KIYSGPDKEQIADEI
15,KNSFSEEPFQDEIVS
15,KPLNFNYSLDKIIVD
15,LSQVTSCNDPNIDID
15,LTNAPSYTNGKLNIY
15,MPITINNFRYSDPVN
15,MQHTYPISAEELFTF
10,MRVNTNAFRN
15,MRVNTNAFRNVDGSG
15,MVKLFNRIKNNVAGE
15,NAFRNVDGSGLVSKL
15,NDRTTPVTKGIPYAP
15,NFLEKRYEKWIEVYK
15,NGLKFIIKRYTPNNE
15,NIVKQGYEGNFIGAL
10,NLDCWVDNEE
15,NLDCWVDNEEDIDVI
15,NLYNRTASLTDLGGE
15,NNFRYSDPVNNDTII
15,NQYVSIDKFRIFCKA
10,NRIKNNVAGE
15,NRIKNNVAGEALLDK
15,NSNSVSFNLLEQDPS
15,PGINGKAIHLVNNES
15,PISAEELFTFGGQDA
15,PLRYDTEYYLIPVAS
15,PNLLDDTIYNDTEGF
15,QFDKDSNGQYIVNED
15,QLKNITDYMYLTNAP
15,QVSSHEIIPSKQEIY
15,RCNNNNQYVSIDKFR
15,RVGYNAPGIPLYKKM
15,RYEKWIEVYKLVKAK
13,SAEELFTFGGQDA
15,SAGEVRQITFRDLPD
15,SCNDPNIDIDSYKQI
15,SDPVNNDTIIMMEPP
15,SSKDVQLKNITDYMY
15,STPIPFSYSKNLDCW
15,SYSLLDKFDTNSNSV
15,TASLTDLGGELCIKI
15,TFIAEKNSFSEEPFQ
15,TLKLDRCNNNNQYVS
15,TNIRENLYNRTASLT
15,TPNNEIDSFVKSGDF
9,TTLQRITMT
15,TTLQRITMTNSVDDA
15,VDNEEDIDVILKKST
15,VITYPDAQLVPGING
15,VLMGSAEITGLGAIR
15,VNNESSEVIVHKAMD
15,VPERYEFGTKPEDFN
15,VRQITFRDLPDKFNA
15,VSASHLEQYGTNEYS
15,YGFTEIELGKKFNIK
15,YKGQNMRVNTNAFRN
15,YNLQSKITLPNDRTT
15,YNSIMYGFTEIELGK
15,YNTKNKPLNFNYSLD
15,YPKDGNAFNNLDRIL
15,YQQKYQFDKDSNGQY
15,AAKFESNFNTQATNR
15,AAMKRHGLDNYRGYS
15,AEAGENKIVELEEEL
15,ALLSSDITASVNCAK
16,AQNKETNAKADKADDE
8,CAAKFESN
15,CKGTDVQAWIRGCRL
15,DYGILQINSRWWCND
19,EKEKYKGITDELDQTFNEL
14,EQIKHLTHKLKTAE
13,ETQALPQRQKKQQ
11,FGRCELAAAMK
15,GLDNYRGYSLGNWVC
11,GNGMNAWVAWR
15,GRTPGSRNLCNIPCS
15,ILQINSRWWCNDGRT
8,INSRWWCN
15,ITASVNCAKKIVSDG
15,KRHGLDNYRGYSLGN
15,KVFGRCELAAAMKRH
12,LESQLKEARLLA
15,LGNWVCAAKFESNFN
14,LNRRIQLLEEDLER
8,LSSDITAS
11,LSSDITASVNC
12,MEKDSAMDRSDA
15,PCSALLSSDITASVN
15,PGSRNLCNIPCSALL
11,RGPEQTQGNFG
15,RNLCNIPCSALLSSD
15,RNRCKGTDVQAWIRG
11,RSMLDEERMDA
13,RSSSRSRNSSRNS
15,RWWCNDGRTPGSRNL
11,SALLSSDITAS
15,SDGNGMNAWVAWRNR
11,SLGNWVCAAKF
15,SSDITASVNCAKKIV
21,TEIYQAGSTPCNGVEGFNCYF
15,TKLAEASQAADESER
15,VAWRNRCKGTDVQAW
16,VHNLQKRLQTLENDLD
14,VSEALLKANTQLVE
11,WCNDGRTPGSR
15,WVCAAKFESNFNTQA
15,AYQKNFPSPICIEQQ
17,EETKCRDGETKRCLYYP
17,EEVKCLTSDHTRCLYYP
16,KIENIRPANWTSSKLY
16,KVESIRPANWTTKSKY
20,NEKEETKCDGRDDNKCLYYP
24,PSEELIADQCPLPGYHAGVEYTTQ
24,VNETVPECKDFPHRRFNDHPYSCR
20,WEGDCNITRYNVNETVPECK
20,WEGDCNYTKDKISEIVPQCK
18,CEEGKRGARGEPGGVGCA
18,CIQGPQGPRGDKGEAGCA
18,CPAGEEGKRGARGEPGCA
20,CTFVPRRKAGICFGDSGGPL
20,DVLLIQLSSPANLSASVATV
20,GRVGAHDPPAQVLQELNVTV
20,GTLIHPSFVLTAAHCLRDIP
20,HGTQCLAMGWGRVGAHDPPA
20,HNVRTQEPTQQHFSVAQVFL
20,ICDGIIQGIDSFVIWGCATR
20,ICFGDSGGPLICDGIIQGID
22,KQPADGNPDPNANPNVDPNANP
20,NNYDAENKLNDVLLIQLSSP
14,QGHNMPNDPNRNVD
20,QHFSVAQVFLNNYDAENKLN
20,QLPQQDQPVPHGTQCLAMGW
20,QRLVNVVLGAHNVRTQEPTQ
20,QVLQELNVTVVTFFCRPHNI
20,RGNPGSHFCGGTLIHPSFVL
20,SFVIWGCATRLFPDFFTRVA
20,SRPYMASLQMRGNPGSHFCG
20,TAAHCLRDIPQRLVNVVLGA
20,VTFFCRPHNICTFVPRRKAG
18,AGPLSHHNTREGYRTQVK
15,APIELPSGHTAWLVT
20,ASVVNIQKEIDRLNEVAKNL
21,AVLTGYSLFQKEKMVLNEGTS
21,AVLTGYSLFQKEKMVLNEGTS
15,DIAIHHPWIRRPFFP
19,DRLNEVAKNLNESLIDLQE
18,ELDSFKEELDKYFKNHTS
13,EPESNLVRSMVTA
15,FFPFHSPSRLFDQFF
15,FHSPSRLFDQFFGEH
15,FPFHSPSRLFDQFFG
10,GDHNSGWGLD
20,GEPDVPPGAIEQGPADDPGE
17,GPSLRSTTASGRVIEEW
15,GRYTVTMELVEAGGL
13,HETERPGMADAPP
10,HPWIRRPFFP
15,IAIHHPWIRRPFFPF
15,IRRPFFPFHSPSRLF
21,KPTTGDVTTNGFAITQKTERD
20,LFRSTEKFESHCGWPSFEDP
20,LQLARPFEDLERRGKGLHSV
20,LQMNSLRAEDTAVYYCAGGD
12,LSCTASGFSLTD
19,MLNISQHQCVKKQCPQNSG
10,MRINEEIDAL
15,PFHSPSRLFDQFFGE
14,PTFEDYPDRPAGDL
20,PVPSTPPTPSPSTPPTPSPS
15,QFASVGVEALTGFAS
20,QIPFNLKIRANELDVLKKLV
20,QIPFNLKIRANELDVLKKLV
20,QIPFNLKIRANELDVLKKLV
20,QIPFNLKIRANELDVLKKLV
15,RARFGVPVPNMTAWR
20,RDAERLTEESARLFVSDEAR
18,RFEECPGTKVYVEETCGT
15,RRPFFPFHSPSRLFD
22,SAIGKIQDSLSSTASALGKLQD
22,SALGKLQDVVNQNAQALNTLVK
20,SPPRRPPPGRRPFFHPVGEA
15,SSLQPDDFATYYCQS
20,SSQSSSSGSPPRRPPPGRRP
24,SYDENGGFFDHVTPPTAPPGTPGE
15,VGDRVIITCQASQII
19,VIEEWCCRECTMPPLSFRA
15,YLKPLAGVYRSLKKQ
15,YLKPLAGVYRSLKKQ
12,DSTCPMVTAPCS
12,GLYHSNASFRVP
12,LTNPGLGSSPKA
12,NSLLNLEKTMVR
12,SCYPAVPQCSTT
20,EDYHAGFKQTDKHPNKDFGD
12,EVQQKLIDDHFL
12,GIYAPDAEAYTL
15,GIYDISNKRRMGLTE
13,RFLQAANACRFWP
13,SMEGYPFNPCLTE
13,VCLHFYTELSSTR
13,VRGTRGEHTEAEG
16,YKEMEEKVSSTLSSLE
18,APMTKALDWSGTRYWAPD
18,ARGAINAPMTKALDWSGT
24,ARGAINAPMTKALDWSGTRYWAPD
18,AVAPTFPGEQLLFFRSTM
18,EEMTNSRFPIPLEKLFTG
18,FSETDAARGAINAPMTKA
18,GAFNTRRQPLFAHIRKRG
18,ILDSWTGAFNTRRQPLFA
24,ILDSWTGAFNTRRQPLFAHIRKRG
18,LDWSGTRYWAPDARTTTY
18,LRFVNPDTGRVLFECKLH
18,MLYTPLRANNAGDDVFTV
18,PGCSGYPNMDLDCLLPQE
18,PGEQLLFFRSTMPGCSGY
18,PPTVESRTKPFSVPVLTV
18,QEAAPAQSDVALLRFVNP
18,QSDVALLRFVNPDTGRVL
24,QSDVALLRFVNPDTGRVLFECKLH
16,RQPLFAHIRKRGESRA
18,RTKPFSVPVLTVEEMTNS
18,SCRVLTRPSPDFDFIFLV
18,VPVLTVEEMTNSRFPIPL
17,ADVRTLDPIEVPLEDVR
23,AGQVNPIDPWIINNFVQAPQGEF
25,AGQVNPIDPWIINNFVQAPQGEFTI
21,AGSSTAVATAGQVNPIDPWII
23,ASDPLAMDPVAGSSTAVATAGQV
16,ASGAGQLVPEVNASDP
20,ASGAGQLVPEVNASDPLAMD
21,ASGAGQLVPEVNASDPLAMDP
24,ASGAGQLVPEVNASDPLAMDPVAG
22,DGFLTCVPNGASSGPQQLPING
16,DGSAANLVPEVNNEVM
12,GDVLFDLSLGPH
24,GKIIVSCIPPGFGSHNLTIAQATL
18,GNAFTAGKIIVSCIPPGF
19,GNAFTAGKIIVSCIPPGFG
22,GNAFTAGKIIVSCIPPGFGSHN
24,GPQQLPINGVFVFVSWVSRFYQLK
19,GQLVPEVNASDPLAMDPVA
21,GQLVPEVNASDPLAMDPVAGS
19,GQQNVIDPWIRNNFVQAPG
8,GTASSARG
9,GTASSARGR
24,GWVGNMRVRIMLAGNAFTAGKIIV
19,HNLTIAQATLFPHVIADVR
21,HNLTIAQATLFPHVIADVRTL
25,HNLTIAQATLFPHVIADVRTLDPIE
12,INGVFVFVSWVS
19,INGVFVFVSWVSRFYQLKP
25,IQANGIGSGNYVGVLSWISPPSHPS
12,IRNNFVQAPGGE
16,IRNNFVQAPGGEFTVS
21,ITEATHLAPSVYPPGFGEVLV
24,KDATSSVDGASGAGQLVPEVNASD
13,LDPIEVPLEDVRN
23,LHLSQMYNGWVGNMRVRIMLAGN
12,LKPVGTASSARG
19,LSWISPPSHPSGSQVDLWK
22,LWSAPLGPDLNPYLSHLARMYN
24,MDPVAGSSTAVATAGQVNPIDPWI
16,PEVNASDPLAMDPVAG
15,PGDVLFDLSLGPHLN
16,PGDVLFDLSLGPHLNP
20,PGDVLFDLSLGPHLNPFLLH
21,PGDVLFDLSLGPHLNPFLLHL
24,PHLNPFLLHLSQMYNGWVGNMRVR
11,PQQLPINGVFV
25,PSHPSGSQVDLWKIPNYGSSITEAT
25,PWIINNFVQAPQGEFTISPNNTPGD
19,QAPQGEFTISPNNTPGDVL
15,QNVIDPWIRNNFVQA
20,QNVIDPWIRNNFVQAPGGEF
16,QQLPINGVFVFVSWVS
23,QQNVIDPWIRNNFVQAPGGEFTV
21,RNAPGEILWSAPLGPDLNPYL
16,RTLDPIEVPLEDVRNV
22,SDPLAMDPVAGSSTAVATAGQV
24,SDPLAMDPVAGSSTAVATAGQVNP
24,SNDANPSDGSAANLVPEVNNEVMA
16,SRFYQLKPVGTASSAR
15,SWISPPSHPSGSQVD
23,TQTTKGDGSTRGHKATVYTGSAP
22,VHNVHLAPAVAPTFPGEQLLFF
15,VPEVNASDPLAMDPV
18,VPEVNASDPLAMDPVAGS
23,VQAPQGEFTISPNNTPGDVLFDL
17,VRTLDPIEVPLEDVRNV
14,YQLKPVGTASSARG